{
  "IsEncrypted": false,
  "Values": {
    "FUNCTIONS_WORKER_RUNTIME": "python",
    "AzureWebJobsStorage": "DefaultEndpointsProtocol=https;EndpointSuffix=core.windows.net;AccountName=cloudquizfoot2stor;AccountKey=iwq2ladcWpjJAU+XkWaSjAoLa64GHT/TWCB1HV3/J3k+bqFOFkOIvdMXzHj/I7XJ9W464zWtpZ4M+AStougjkw==;BlobEndpoint=https://cloudquizfoot2stor.blob.core.windows.net/;FileEndpoint=https://cloudquizfoot2stor.file.core.windows.net/;QueueEndpoint=https://cloudquizfoot2stor.queue.core.windows.net/;TableEndpoint=https://cloudquizfoot2stor.table.core.windows.net/",
    "TABLE_STORAGE_CONNECTION_STRING": "DefaultEndpointsProtocol=https;EndpointSuffix=core.windows.net;AccountName=cloudquizfoot2stor;AccountKey=iwq2ladcWpjJAU+XkWaSjAoLa64GHT/TWCB1HV3/J3k+bqFOFkOIvdMXzHj/I7XJ9W464zWtpZ4M+AStougjkw==;BlobEndpoint=https://cloudquizfoot2stor.blob.core.windows.net/;FileEndpoint=https://cloudquizfoot2stor.file.core.windows.net/;QueueEndpoint=https://cloudquizfoot2stor.queue.core.windows.net/;TableEndpoint=https://cloudquizfoot2stor.table.core.windows.net/"
  }
}
